ReportID,Name,Gender,Age,Contact,PatientID,Doctor,Date,Problem,Diagnosis,Medicines,FollowupDate,Notes
PTREP_001,Sakshi Sharma,Female,20,1878000512,1000,Dr. Mehta,18-07-2025,Headache,Normal Health,Multivitamin tablets,25/07/2025,Maintain hydration and 8 hours of sleep daily
PTREP_002,Aryan Singh,Male,22,9876543211,1001,Dr. Verma,20/07/2025,Cold,Viral Infection,Paracetamol 500mg, Cough Syrup,22/07/2025,Take rest, Avoid cold drinks and friend food
PTREP_003,Aditi Verma,Female,19,9876543212,1002,Dr. Kapoor,20/07/2025,Fever,Viral Infection,Paracetamol 500mg, cough syrup,22/07/2025,Take rest, avoid cold drings and fast foods
PTREP_004,Kabir Joshi,Male,26,9876543217,1007,Dr. Bhargava,20/07/2025,Toothache,Good Oral Hygiene,Antiseptic Mouthwash,26/07/2025,Brush Twice Daily, no major concers
PTREP_005,Naman Dubey,Male,30,9876543221,1011,Dr. Mehta,20/07/2025,Fracture,Hairline fracture in right wrist,Calcium supplements, Painkillers (Ibuprofen 400mg), Anti-flammatory gel,24/07/2025,-Apply cast for 3 weeks
PTREP_006,Saanvi Rathore,Female,28,2147483647,PAT2025_021,Dr. Arjun Mehra,19-07-2025,Fracture,Patient suffered a hairline fracture in right ankel,Calcium + D3 Tablets - 1 day, Pain reliever - SOS, cold compress ,24/07/2025,Orthopedicc follow up in 10 days , avoid weight on affected leg
PTREP_007,Arnav Deshmukh,Male,35,2147483647,PAT2025_022,Dr. Aisha Mehta,19-07-2025,High Fever & dehydration,Fever: 102 degree, 97 degree, no rashes viral infection detected,Paracetamol - 1 every 6hrs, ORS, Multivitamin,22/07/2025,Bed rest 2-3 days, increase fluid intake, revisit if fever persists beyod 3 days
PTREP_008,Sabhya Suri,Female,12,2147483647,PAT2025_023,Dr. Ritu Bansal,19/07/2025,Depression,Signs of low mood, social withdrawl, fatigue, no history of trauma detected, moderate childhood depression,Cognitive Behavioral Therapy (CBT) recomended, Omega-3 capsules, Parrent Couselling suggested,18/08/2025,Weekly session for 6 weeks, daily journey and positive reinforcement
PTREP_009,Saumya Ali,Male,18,9846773874,PAT2025_024,Dr. Manav Thakur,19-07-2025,HIV,confirmed HIV positive (ELISA TEST), CD4 count pending, weight loss and fatigue observed,ART initiation advised, Multivitamin support, Immune Booster tablets,18/08/2025,Regular Counselling Sessions, Practice hygine and immune care
